id,name,model_id:id,group_id:id,perm_read,perm_write,perm_create,perm_unlink
access_vn_payroll_config_user,vn.payroll.config.user,model_vn_payroll_config,group_vn_payroll_user_settings,1,0,0,0
access_vn_payroll_config_manager,vn.payroll.config.manager,model_vn_payroll_config,group_vn_payroll_manager,1,1,1,1
access_vn_pit_tax_table_user,vn.pit.tax.table.user,model_vn_pit_tax_table,group_vn_payroll_user_pit_table,1,0,0,0
access_vn_pit_tax_table_manager,vn.pit.tax.table.manager,model_vn_pit_tax_table,group_vn_payroll_manager,1,1,1,1
access_vn_payslip_user,vn.payslip.user,model_vn_payslip,group_vn_payroll_user_payslips,1,1,1,1
access_vn_payslip_manager,vn.payslip.manager,model_vn_payslip,group_vn_payroll_manager,1,1,1,1
access_vn_payslip_line_user,vn.payslip.line.user,model_vn_payslip_line,group_vn_payroll_user_payslips,1,1,1,1
access_vn_payslip_line_manager,vn.payslip.line.manager,model_vn_payslip_line,group_vn_payroll_manager,1,1,1,1
access_vnpayroll_payroll_structure_type_user,vnpayroll.payroll.structure.type.user,model_vnpayroll_payroll_structure_type,group_vn_payroll_user_structure_types,1,0,0,0
access_vnpayroll_payroll_structure_type_manager,vnpayroll.payroll.structure.type.manager,model_vnpayroll_payroll_structure_type,group_vn_payroll_manager,1,1,1,1
access_vnpayroll_payroll_structure_user,vnpayroll.payroll.structure.user,model_vnpayroll_payroll_structure,group_vn_payroll_user_structures,1,0,0,0
access_vnpayroll_payroll_structure_manager,vnpayroll.payroll.structure.manager,model_vnpayroll_payroll_structure,group_vn_payroll_manager,1,1,1,1
access_vnpayroll_salary_rule_category_user,vnpayroll.salary.rule.category.user,model_vnpayroll_salary_rule_category,group_vn_payroll_user_rule_categories,1,0,0,0
access_vnpayroll_salary_rule_category_manager,vnpayroll.salary.rule.category.manager,model_vnpayroll_salary_rule_category,group_vn_payroll_manager,1,1,1,1
access_vnpayroll_salary_rule_user,vnpayroll.salary.rule.user,model_vnpayroll_salary_rule,group_vn_payroll_user_rules,1,0,0,0
access_vnpayroll_salary_rule_manager,vnpayroll.salary.rule.manager,model_vnpayroll_salary_rule,group_vn_payroll_manager,1,1,1,1
access_vn_freelancer_tax_table_user,vn.freelancer.tax.table.user,model_vn_freelancer_tax_table,group_vn_payroll_user_freelancer_tax,1,0,0,0
access_vn_freelancer_tax_table_manager,vn.freelancer.tax.table.manager,model_vn_freelancer_tax_table,group_vn_payroll_manager,1,1,1,1
access_vn_payslip_force_delete_wizard_admin,vn.payslip.force.delete.wizard.admin,model_vn_payslip_force_delete_wizard,base.group_system,1,1,1,1
access_vn_payroll_user_permission_manager,vn.payroll.user.permission.manager,model_vn_payroll_user_permission,group_vn_payroll_manager,1,1,1,1
access_vn_payslip_schedule_user,vn.payslip.schedule.user,model_vn_payslip_schedule,group_vn_payroll_user_schedules,1,1,1,0
access_vn_payslip_schedule_manager,vn.payslip.schedule.manager,model_vn_payslip_schedule,group_vn_payroll_manager,1,1,1,1
